{"cameraMode":{"drawMode":0,"name":"Shaded","section":"Shading Mode"},"sceneLighting":true,"audioPlay":false,"sceneViewState":{"showFog":true,"showMaterialUpdate":false,"showSkybox":true,"showFlares":true,"showImageEffects":true,"showParticleSystems":true},"in2DMode":false,"pivot":{"x":7.37320613861084,"y":-1.7041599750518799,"z":7.26585578918457},"rotation":{"x":-0.2141641527414322,"y":-0.31508585810661318,"z":0.07321242243051529,"w":-0.9216845631599426},"size":4.138852596282959,"orthographic":false}