{"cameraMode":{"drawMode":0,"name":"Shaded","section":"Shading Mode"},"sceneLighting":true,"audioPlay":false,"sceneViewState":{"showFog":true,"showMaterialUpdate":false,"showSkybox":true,"showFlares":true,"showImageEffects":true,"showParticleSystems":true},"in2DMode":false,"pivot":{"x":5.064651012420654,"y":-8.070762634277344,"z":13.176079750061036},"rotation":{"x":0.026879560202360154,"y":0.9636164307594299,"z":-0.10624159127473831,"w":0.2437954694032669},"size":18.32131576538086,"orthographic":false}